source1_entity_id	target_entity_id	left_name	right_name	left_address	right_address	left_country	right_country	name_edit_similarity	address_edit_similarity	name_token_jaccard	address_token_jaccard	hardness	categories
S1-125188089	S2-188374602	Maa Constructions	మా కన్‌స్ట్రక్షన్స్	Hyderabad, Telangana, Hyderabad, 17-1-382/Br/1 Champapet	H.NO 017-1-382/BR/1 CHAMPAPET, HYDERABAD, Andhra Pradesh	India	India	0.0	0.16666666666666663	0.0	0.4166666666666667	0.9333333333333333	any_name_nonascii,name_no_shared_tokens,name_edit_below_0_3,any_nonascii
S1-274900266	S2-782108136	Indian Technologies Private Limited	इंडियन टेक्नोलॉजीज प्राइवेट लिमिटेड	House No 127 Sector - 40, Gurugram, Gurgaon, Haryana	PALAM, GURUGRAM, Haryana, HOUSE NO 127- SECTOR - 40	India	India	0.05714285714285716	0.08510638297872342	0.0	0.7777777777777778	0.9316717325227963	any_name_nonascii,name_script_disjoint,name_no_shared_tokens,name_edit_below_0_3,any_nonascii
S1-609010959	S3-336548646	Krishna Hospitality Private Limited	कृष्ण हॉस्पिटैलिटी प्राइवेट लिमिटेड	1, Sahar House, Behind Barwara House Ajmer Road Civil Lines, Jaipur, Rajasthan	RJ, 1, Jaipur	India	India	0.02857142857142858	0.1351351351351351	0.0	0.16666666666666666	0.9288030888030888	any_name_nonascii,name_script_disjoint,name_no_shared_tokens,name_edit_below_0_3,any_nonascii
S1-273957844	S2-823510061	East Consultancy Private Limited	ईस्ट कंसल्टेंसी प्राइवेट लिमिटेड	Jaipur, Rajasthan, Maglam Mall, Elctronics Market Near Ridhi Sidhi Circle, Goplpura Bypass, Road, Jaipur, Tf 89	TF 89., JAIPUR, राजस्थान	India	India	0.0625	0.08653846153846156	0.0	0.1875	0.9278846153846154	any_name_nonascii,name_script_disjoint,name_no_shared_tokens,any_address_nonascii,name_edit_below_0_3,any_nonascii
S1-658632799	S2-746353841	Om Eastern Construction LLP	ॐ ईस्टर्न कंस्ट्रक्शन एलएलपी	404, Monalisa Chs Lbs Marg, Hari Niwas Circle Panch Pakhadi, Thane, Maharashtra	404, THANE, महाराष्ट्र	India	India	0.0357142857142857	0.1333333333333333	0.0	0.15384615384615385	0.9252380952380953	any_name_nonascii,name_script_disjoint,name_no_shared_tokens,any_address_nonascii,name_edit_below_0_3,any_nonascii
S1-374317711	S3-211148258	Dio Growth LP	Lyrawexecto	Mount Pleasant, TX, 3795 County Road 1360	3795 County Road 1360, MT. Pleasant, Texas	US	US	0.07692307692307687	0.07692307692307687	0.0	0.5555555555555556	0.9230769230769231	name_no_shared_tokens,name_edit_below_0_3
S1-309168347	S3-951243756	Golden International Private Limited	ഗോൾഡൻ ഇന്റർനാഷണൽ പ്രൈവറ്റ് ലിമിറ്റഡ്	Ground Floor, 16/373 E, Parathakadthodi, Omanoor, Cheekode, Ernad, Malappuram, Malapuram, Kerala	Malapuram, Ground Floor, Calicut Region, KL	India	India	0.0	0.20454545454545459	0.0	0.2	0.9181818181818182	any_name_nonascii,name_no_shared_tokens,name_edit_below_0_3,any_nonascii
S1-62483921	S2-3300761	Fortune Foundation Private Limited	फॉर्च्यून फाउंडेशन प्राइवेट लिमिटेड	South Delhi, New Delhi, Delhi, C-86, G/F, Ekta Vihar, Jaitpur	C-#86, दिल्ली, G/F, EKTA VIHAR, JAITPUR, NEW DELHI, SOUTH DELHI	India	India	0.05714285714285716	0.125	0.0	0.9090909090909091	0.9157142857142857	any_name_nonascii,name_script_disjoint,name_no_shared_tokens,any_address_nonascii,name_edit_below_0_3,any_nonascii
S1-415754058	S2-231050611	Krishna Consultancy Private Limited	ਕ੍ਰਿਸ਼ਨਾ ਕੰਸਲਟੈਂਸੀ ਪ੍ਰਾਈਵੇਟ ਲਿਮਟਿਡ	Khasra No 521 G T Road Near Back Gate Ocm, Model Town, Amritsra, Amritsar, Punjab	AMRITSRA, MODEL TOWN, AMRITSAR, Punjab, KHASRA NO 521 G T ROAD NEAR BACK GATE OCM	India	India	0.02857142857142858	0.16883116883116878	0.0	1.0	0.9153246753246753	any_name_nonascii,name_no_shared_tokens,name_edit_below_0_3,any_nonascii
S1-456803082	S2-893103915	Southern Producer Private Limited	सदर्न प्रोड्यूसर प्राइवेट लिमिटेड	Ranade Cottage Chs Ltd, Paranjpe B Scheme, Rd No. 3, Maharashtra, Mumbai, Flat No.1	FLAT NO.1, MUMBAI, महाराष्ट्र	India	India	0.030303030303030276	0.16883116883116878	0.0	0.26666666666666666	0.9142857142857144	address_numbers_disagree,any_name_nonascii,name_script_disjoint,name_no_shared_tokens,any_address_nonascii,name_edit_below_0_3,any_nonascii
S1-455259223	S2-331828092	Green Properties Pvt Ltd	ग्रीन प्रॉपर्टीज प्रा. लि.	A 602, S.No. 41/1 41/2/14 41/2/1 Ganga Acropolis Pune City, Pune, Maharashtra	PUNE, A 0602, महाराष्ट्र	India	India	0.08333333333333337	0.09589041095890416	0.0	0.13333333333333333	0.9116438356164382	address_numbers_disagree,any_name_nonascii,name_script_disjoint,name_no_shared_tokens,any_address_nonascii,name_edit_below_0_3,any_nonascii
S1-912858680	S3-419436439	Apex Systems Pvt Ltd	एपेक्स सिस्टम्स प्रा. लि.	302, 3Rd Fl, Sr. No. 48/13/3, Vijaylaxmi Prestige, Rahatani-Kalewadi Link Road, Rahatani, Pune, Maharashtra	302, Pune, महाराष्ट्र	India	India	0.08695652173913049	0.09183673469387754	0.0	0.11764705882352941	0.9110913930789707	address_numbers_disagree,any_name_nonascii,name_script_disjoint,name_no_shared_tokens,any_address_nonascii,name_edit_below_0_3,any_nonascii
S1-279855827	S3-261166549	Jay Software Limited	जय सॉफ्टवेयर लिमिटेड	4882, Plot No-111, Sf Kh No.-180/110, Pvt No-13B, Daryaganj, Delhi, Central Delhi, Delhi	60 4882, Otk, Delhi, दिल्ली	India	India	0.050000000000000044	0.15000000000000002	0.0	0.125	0.9099999999999999	address_numbers_disagree,any_name_nonascii,name_script_disjoint,name_no_shared_tokens,any_address_nonascii,name_edit_below_0_3,any_nonascii
S1-308684766	S3-540516464	New Foundation Private Limited	न्यू फाउंडेशन प्राइवेट लिमिटेड	Vidisha, Rathi Market Tilak Chowk, Vidisha, 3, Madhya Pradesh	3, Vidisha, मध्य प्रदेश	India	India	0.033333333333333326	0.17543859649122806	0.0	0.2	0.9098245614035088	any_name_nonascii,name_script_disjoint,name_no_shared_tokens,any_address_nonascii,name_edit_below_0_3,any_nonascii
S1-658632799	S3-859019992	Om Eastern Construction LLP	ॐ ईस्टर्न कंस्ट्रक्शन एलएलपी	404, Monalisa Chs Lbs Marg, Hari Niwas Circle Panch Pakhadi, Thane, Maharashtra	Thane, MH, 04, Thane	India	India	0.0357142857142857	0.17333333333333334	0.0	0.07142857142857142	0.9092380952380952	address_numbers_conflict,address_numbers_disagree,any_name_nonascii,name_script_disjoint,name_no_shared_tokens,name_edit_below_0_3,any_nonascii
S1-513784318	S2-401665047	Premier Consultancy	ಪ್ರೀಮಿಯರ್ ಕನ್ಸಲ್ಟೆನ್ಸಿ	Building Crossgate, House Of Hiranandani, Bangalore Rural, Karnataka, Devanahalli, No 5	BANGALORE RURAL, DEVANAHALLI, Karnataka, H.NO 5, BUILDING CROSSGATE, HOUSE OF HIRANANDANI	India	India	0.045454545454545414	0.16666666666666663	0.0	0.9166666666666666	0.9060606060606061	any_name_nonascii,name_no_shared_tokens,name_edit_below_0_3,any_nonascii
S1-618282152	S2-749331190	Dynamic Exports Private Limited	डायनामिक एक्सपोर्ट्स प्राइवेट लिमिटेड	Flat No, 303, Samarth, Fortune, Survey No 10/5/1/1, Vahinisaheb Colony Dagadu Patil Nagar Pu, Ne, Mh, Pune, Maharashtra	FLAT NO, PUNE, महाराष्ट्र	India	India	0.08108108108108103	0.11818181818181817	0.0	0.15	0.904078624078624	any_name_nonascii,name_script_disjoint,name_no_shared_tokens,any_address_nonascii,name_edit_below_0_3,any_nonascii
S1-283246654	S2-123150461	East Clean Premier LLC	Premier -- East Clean	315 9th Street, Dyersville, IA	DYERSVILLE, IA, 315 9ST STREET	US	US	0.13636363636363635	0.0357142857142857	0.75	0.6666666666666666	0.903896103896104	name_edit_below_0_3
S1-560853343	S2-973067702	Aditya Marketing Pvt Ltd	ಆದಿತ್ಯ ಮಾರ್ಕೆಟಿಂಗ್ ಪ್ರೈವೇಟ್ ಲಿಮಿಟೆಡ್	No-131, D-3, 2Nd Floor, Devatha Plaza, Opp. Bishop Cottons Boys School, Residency Road, Ben, Galuru, Bengaluru, Bangalore, Karnataka	BENGALURU, ಕರ್ನಾಟಕ, HN 289 NO-131	India	India	0.08333333333333337	0.11570247933884292	0.0	0.13043478260869565	0.9037190082644628	address_numbers_disagree,any_name_nonascii,name_no_shared_tokens,any_address_nonascii,name_edit_below_0_3,any_nonascii
S1-953282460	S3-657229933	South It Limited	साउथ आईटी लिमिटेड	South Delhi, Delhi, New Delhi, Ground Floor, Badarpur Border, 94	94, South Delhi, दिल्ली	India	India	0.05882352941176472	0.15254237288135597	0.0	0.3333333333333333	0.9036889332003988	any_name_nonascii,name_script_disjoint,name_no_shared_tokens,any_address_nonascii,name_edit_below_0_3,any_nonascii
S1-308684766	S2-112258148	New Foundation Private Limited	न्यू फाउंडेशन प्राइवेट लिमिटेड	Vidisha, Rathi Market Tilak Chowk, Vidisha, 3, Madhya Pradesh	मध्य प्रदेश, 3/4, VIDISHA	India	India	0.033333333333333326	0.19298245614035092	0.0	0.18181818181818182	0.9028070175438596	address_numbers_disagree,any_name_nonascii,name_script_disjoint,name_no_shared_tokens,any_address_nonascii,name_edit_below_0_3,any_nonascii
S1-395315977	S2-195143469	Blue Hospitality	બ્લૂ હોસ્પિટાલિટી	Gujarat, 19, 3Rd Floor, Building A, Mtc, Block No-361, 363, Velanja, Surat, Kamrej, Shop No 18	ગુજરાત, SHOP NO 18, SURAT	India	India	0.05882352941176472	0.15476190476190477	0.0	0.23529411764705882	0.9028011204481793	address_numbers_disagree,any_name_nonascii,name_no_shared_tokens,any_address_nonascii,name_edit_below_0_3,any_nonascii
S1-902431705	S3-741146031	Innovative Hospitality Limited	इनोवेटिव हॉस्पिटैलिटी लिमिटेड	Serene Scapes, C-Wing, 11Th Floor, Flat No.-1104, Shinde Vasti, Near Iskon Temple, Ravet, Pune, Maharashtra	Pune, Serene Scapes, MH, Pune	India	India	0.033333333333333326	0.19387755102040816	0.0	0.16666666666666666	0.9024489795918368	any_name_nonascii,name_script_disjoint,name_no_shared_tokens,name_edit_below_0_3,any_nonascii
S1-128735515	S2-98650895	Innovative Impex	इनोवेटिव इम्पेक्स	B-148, R.H.B Mahal Yojna, Pratap Nagar, Jaipur, Rajasthan	B-148, JAIPUR, राजस्थान	India	India	0.0	0.24528301886792447	0.0	0.2727272727272727	0.9018867924528302	any_name_nonascii,name_script_disjoint,name_no_shared_tokens,any_address_nonascii,name_edit_below_0_3,any_nonascii
S1-275642932	S3-494471225	DST Spectral LLC	Gildsyn	10 Fernleigh Drive, Unit Apartment A10, Cooperstown, NY	# Apartment A10, Cooperstown, 10 Fernleigh Dr, New York	US	US	0.0625	0.15384615384615385	0.0	0.45454545454545453	0.9009615384615385	name_no_shared_tokens,name_edit_below_0_3
S1-586396205	S3-543640013	Smart Business Private Limited	ସ୍ମାର୍ଟ୍ ବିଜନେସ୍ ପ୍ରାଇଭେଟ୍ ଲିମିଟେଡ୍	410, 4Th Floor Janpath Towers, Ashok Nagar, Bhubaneswar, Khordha, Orissa	0410, Khordha, ଓଡ଼ିଶା	India	India	0.05714285714285716	0.16417910447761197	0.0	0.08333333333333333	0.900042643923241	address_numbers_disagree,any_name_nonascii,name_no_shared_tokens,any_address_nonascii,name_edit_below_0_3,any_nonascii
S1-810055441	S3-939918568	Kilcullen & Diaz	[&] Diaz Kilcullen	8103 Red Rock Cove, Austin, TX	Austin, Texas, 08103 Red Rock Cove	US	US	0.0	0.25	1.0	0.5	0.9	name_edit_below_0_3
S1-658632799	S3-526531486	Om Eastern Construction LLP	ओम ईस्टर्न कंस्ट्रक्शन एलएलपी	404, Monalisa Chs Lbs Marg, Hari Niwas Circle Panch Pakhadi, Thane, Maharashtra	04, Thane, MH	India	India	0.06896551724137934	0.1466666666666666	0.0	0.07142857142857142	0.8999540229885058	address_numbers_conflict,address_numbers_disagree,any_name_nonascii,name_script_disjoint,name_no_shared_tokens,name_edit_below_0_3,any_nonascii
S1-755255565	S2-979588542	Dynamic Management Limited	डायनामिक मैनेजमेंट लिमिटेड	Delhi, South West Delhi, Wz-171, New Delhi, Second Floor, Sadh Nagar Part-1, Palam Colony	WZ-271, SECOND FLOOR, SADH NAGAR PART-1, PALAM COLONY, NEW DELHI, SOUTH WEST DELHI, Delhi	India	India	0.038461538461538436	0.19277108433734935	0.0	0.8666666666666667	0.8998146431881372	address_numbers_disagree,any_name_nonascii,name_script_disjoint,name_no_shared_tokens,name_edit_below_0_3,any_nonascii
S1-492232951	S3-150295552	One Developers	वन डेवलपर्स	Lucknow, Lgf-63, Uttar Pradesh, Sector-B, Brambh Kunj Shopping Complex Kanpur Road, Alambagh, Lucknow	Lgf-63, Lucknow, UP	India	India	0.0714285714285714	0.1473684210526316	0.0	0.2	0.8981954887218045	any_name_nonascii,name_script_disjoint,name_no_shared_tokens,name_edit_below_0_3,any_nonascii
S1-395315977	S2-366550647	Blue Hospitality	બ્લૂ હોસ્પિટાલિટી	Gujarat, 19, 3Rd Floor, Building A, Mtc, Block No-361, 363, Velanja, Surat, Kamrej, Shop No 18	SHOP NO 18, KAMREJ, Gujarat	India	India	0.05882352941176472	0.16666666666666663	0.0	0.3125	0.8980392156862745	address_numbers_disagree,any_name_nonascii,name_no_shared_tokens,name_edit_below_0_3,any_nonascii
S1-259900266	S3-131828088	Fortune Constructions Private Limited	फॉर्च्यून कंस्ट्रक्शंस प्राइवेट लिमिटेड	301, 3Rd Floor, G-79, Gupta Complex Laxmi Nagar, Delhi, Delhi, East Delhi, Delhi	301, Delhi, N/A, दिल्ली	India	India	0.05128205128205132	0.17808219178082196	0.0	0.14285714285714285	0.8979978925184404	address_numbers_disagree,any_name_nonascii,name_script_disjoint,name_no_shared_tokens,any_address_nonascii,name_edit_below_0_3,any_nonascii
S1-278025634	S2-326762679	Blue Construction Private Limited	ബ്ലൂ കൺസ്ട്രക്ഷൻ പ്രൈവറ്റ് ലിമിറ്റഡ്	Palarivattom P.O, Kerala, Ernakulam, Komath Komath Line, Behind Dhanalakshmi Bank, Door No. 40/3090 (32/2385 B2)	DOOR NO. 40/3090 (32/2385 B2), ERNAKULAM, Kerala	India	India	0.05555555555555558	0.17307692307692313	0.0	0.5294117647058824	0.8974358974358974	any_name_nonascii,name_no_shared_tokens,name_edit_below_0_3,any_nonascii
S1-733243337	S2-410880182	Laxmi Consultancy Private Limited	लक्ष्मी कंसल्टेंसी प्राइवेट लिमिटेड	4/103, Lord Shiva Paradise, Chotta Mhasoba, Kalyan West, Thane, Maharashtra	4/103, THANE, महाराष्ट्र	India	India	0.05714285714285716	0.17142857142857137	0.0	0.25	0.8971428571428571	any_name_nonascii,name_script_disjoint,name_no_shared_tokens,any_address_nonascii,name_edit_below_0_3,any_nonascii
S1-575787518	S3-336178337	Al Consultants	अल कंसल्टेंट्स	Kanpur, B-3, Station Circular Road, Opp. Lucknow Crossing, Hotel Gagan Palace, Khapra Mohal, Uttar Pradesh, Kanpur	Block F-#171 B-3, Kanpur, UP	India	India	0.0714285714285714	0.15094339622641506	0.0	0.15	0.8967654986522912	address_numbers_disagree,any_name_nonascii,name_script_disjoint,name_no_shared_tokens,name_edit_below_0_3,any_nonascii
S1-91070781	S3-70257729	Shivam Consultants Private Limited	शिवम कंसल्टेंट्स प्राइवेट लिमिटेड	Thane, Maharashtra, Thane, Block No.7, Chetan Chsl, Opp. Shri Mangal Karyalay Gokhale Road, Naupada, Thane (W)	Block No.d/7, Thane, MH	India	India	0.05882352941176472	0.17000000000000004	0.0	0.23529411764705882	0.8967058823529411	any_name_nonascii,name_script_disjoint,name_no_shared_tokens,name_edit_below_0_3,any_nonascii
S1-254308435	S3-374012788	Sunrise Management Pvt Ltd	सनराइज मैनेजमेंट प्रा. लि.	Shop-5, Sai Orchid, Plot No-21, Sector 17, Ulwe, Raigarh, Maharashtra	Ulwe, Shop-5, महाराष्ट्र, Mumbai	India	India	0.07692307692307687	0.1428571428571429	0.0	0.21428571428571427	0.8967032967032967	address_numbers_disagree,any_name_nonascii,name_script_disjoint,name_no_shared_tokens,any_address_nonascii,name_edit_below_0_3,any_nonascii
S1-871280962	S3-376365950	Shree Projects Private Limited	શ્રી પ્રોજેક્ટ્સ પ્રાઇવેટ લિમિટેડ	Gujarat, Surat, First Floor, Surat Textile Market, Ring Road, Shop No. J-2057	Shop No. J-#2057, Surat, GJ	India	India	0.06060606060606055	0.16901408450704225	0.0	0.38461538461538464	0.8960307298335468	any_name_nonascii,name_no_shared_tokens,name_edit_below_0_3,any_nonascii
S1-561742042	S2-403211544	Good Engineering	গুড ইঞ্জিনিয়ারিং	Uttarsimla, Krishnagar P.S. Kharagpur(L), Kharagpur, Midnapore, West Bengal	BLOCK E-613- UTTARSIMLA, MIDNAPORE, WEST MIDNAPORE, পশ্চিমবঙ্গ	India	India	0.0	0.26086956521739135	0.0	0.23076923076923078	0.8956521739130434	any_name_nonascii,name_no_shared_tokens,any_address_nonascii,name_edit_below_0_3,any_nonascii
S1-493362132	S2-826747846	Haney Apex Environmental LLC	Lumevo	IA, Ottumwa, 120 Ash Street	120 ASH ST, CENTER TOWNSHIP, IA	US	US	0.1071428571428571	0.10344827586206895	0.0	0.375	0.8943349753694582	name_no_shared_tokens,name_edit_below_0_3
S1-35496638	S2-53348878	United Global	యునైటెడ్ గ్లోబల్	H. No 40/338, Gandhi Nagar, Kurnol, Telangana	GANDHI NAGAR, Telangana, H. NO 40/338, KURNOL	India	India	0.0625	0.1707317073170732	0.0	1.0	0.8942073170731707	any_name_nonascii,name_no_shared_tokens,name_edit_below_0_3,any_nonascii
S1-530850704	S3-192243044	Sun Impex Private Limited	સન ઇમ્પેક્સ પ્રાઇવેટ લિમિટેડ	1St Floor, Ratnakala Arcade, Port Road Shakti Nagar, M-1, Mundra, Gujarat, Kachchh	M-1, Mundra, Kachchh, ગુજરાત	India	India	0.0714285714285714	0.1578947368421053	0.0	0.2857142857142857	0.893984962406015	any_name_nonascii,name_no_shared_tokens,any_address_nonascii,name_edit_below_0_3,any_nonascii
S1-595286244	S2-899506917	Apex Energy	অ্যাপেক্স এনার্জি	133/1 S N Banerjee Road Ps New Market, Kolkata, Howrah, West Bengal	KOLKATA, HOWRAH, CALCUTTA, West Bengal, 134/1 S N BANERJEE ROAD PS NEW MARKET	India	India	0.05882352941176472	0.17808219178082196	0.0	0.8	0.8934730056406124	address_numbers_disagree,any_name_nonascii,name_no_shared_tokens,name_edit_below_0_3,any_nonascii
S1-658356873	S3-488614017	Guru Logistics Limited	ಗುರು ಲಾಜಿಸ್ಟಿಕ್ಸ್ ಲಿಮಿಟೆಡ್	No.176, S.No.17/G, Krishna Kutter, 3Rd Sector, 18Th Cross, Hosur Sarjapura Road, Hsr Lay, Out, Bangalore, Karnataka	#176, Bangalore, KA	India	India	0.07692307692307687	0.15094339622641506	0.0	0.1	0.8934687953555879	address_numbers_disagree,any_name_nonascii,name_no_shared_tokens,name_edit_below_0_3,any_nonascii
S1-78343161	S3-66468034	Tech Shakti International Private Limited	ಟೆಕ್ ಶಕ್ತಿ ಇಂಟರ್‌ನ್ಯಾಷನಲ್ ಪ್ರೈವೇಟ್ ಲಿಮಿಟೆಡ್	Sri Sai Heights, #447, 17Th Cross, 17Th Main, Hosur Sarjapura Road Layout, Sector 4, Bangalore, Karnataka, 3Rd Floor, Bangalore	#3Rd Floor, Bangalore, KA	India	India	0.06976744186046513	0.16239316239316237	0.0	0.16666666666666666	0.893182269926456	address_numbers_disagree,any_name_nonascii,name_no_shared_tokens,name_edit_below_0_3,any_nonascii
S1-174987782	S2-361028375	Innovative Swastik Engineering Pvt Ltd	ઇનોવેટિવ સ્વસ્તિક એન્જિનિયરિંગ પ્રા. લિ.	232-B, New Industrial Estate, Bridge Road No. 6-E, Udhna Udyognagar, Udhna, Surat, Gujarat	232-B, SURAT, Gujarat	India	India	0.02631578947368418	0.22891566265060237	0.0	0.2857142857142857	0.8926442612555485	address_numbers_disagree,any_name_nonascii,name_no_shared_tokens,name_edit_below_0_3,any_nonascii
S1-948498622	S3-748673808	Indo Future Infrastructure Private Limited	इंडो फ्यूचर इंफ्रास्ट्रक्चर प्राइवेट लिमिटेड	6, Floor-Grd, Margaret House, Shaikh Misree Road Eurofean Cementary, Antop Hill, Mumbai, Mumbai City, Maharashtra	6, Mumbai City, महाराष्ट्र	India	India	0.09090909090909094	0.13207547169811318	0.0	0.1875	0.8926243567753002	any_name_nonascii,name_script_disjoint,name_no_shared_tokens,any_address_nonascii,name_edit_below_0_3,any_nonascii
S1-219707526	S3-427282110	Ss Infrastructure Private Limited	எஸ்எஸ் இன்ஃப்ராஸ்ட்ரக்சர் பிரைவேட் லிமிடெட்	No.2, I Cross Streetseethama Colony Extension Teynampet, Chennai 600 018, Chennai, Tamil Nadu	No.2, Chennai, TN	India	India	0.06976744186046513	0.1685393258426966	0.0	0.21428571428571427	0.8907238045466424	address_numbers_disagree,any_name_nonascii,name_no_shared_tokens,name_edit_below_0_3,any_nonascii
S1-841322206	S2-126067459	Indian Construction Pvt Ltd	ইন্ডিয়ান কনস্ট্রাকশন প্রাইভেট লিমিটেড	142/4 Prince Anwar Shah Road P.S. Lake, Kolkata, Parganas South, West Bengal	পশ্চিমবঙ্গ, PARGANAS SOUTH, KOLKATA, 142/4 PRINCE ANWAR SHAH ROAD P.S. LAKE	India	India	0.052631578947368474	0.19444444444444442	0.0	0.8	0.8906432748538011	any_name_nonascii,name_no_shared_tokens,any_address_nonascii,name_edit_below_0_3,any_nonascii
S1-299844982	S3-10698167	Chiropractic First Clinic Inc	Onyxonyx	4605 Merrimac Lane, Virginia Beach City, VA	VA, Virginia Beach City, 4605 Merrimac Lane	US	US	0.06896551724137934	0.1707317073170732	0.0	1.0	0.8903280067283431	name_no_shared_tokens,name_edit_below_0_3
