source1_entity_id	matched_entity_ids
S1-31	S2-31,S3-31
S1-32	S2-32,S3-32
S1-33	S2-33,S3-33
S1-34	S2-34,S3-34
S1-35	
S1-36	S2-36,S3-36
S1-37	S2-37,S3-37
S1-38	S2-38,S3-38
S1-39	S2-39,S3-39
S1-40	
S1-41	S2-41,S3-41
S1-42	S2-42,S3-42
S1-43	S2-43,S3-43
S1-44	S2-44,S3-44
S1-45	
S1-46	S2-46,S3-46
S1-47	S2-47,S3-47
S1-48	S2-48,S3-48
S1-49	S2-49,S3-49
S1-50	
S1-51	S2-51,S3-51
S1-52	S2-52,S3-52
S1-53	S2-53,S3-53
S1-54	S2-54,S3-54
S1-55	
S1-56	S2-56,S3-56
S1-57	S2-57,S3-57
S1-58	S2-58,S3-58
S1-59	S2-59,S3-59
S1-60	
