entity_id	business_name	business_address	country
S2-31	beta foods 31	31 epsilon market street	India
S2-32	gamma foods 32	32 zeta market street	United States
S2-33	delta foods 33	33 eta market street	India
S2-34	epsilon foods 34	34 theta market street	United States
S2-35	Unlinked repair 35	1035 other lane	India
S2-36	eta foods 36	36 kappa market street	United States
S2-37	theta foods 37	37 alpha market street	India
S2-38	iota foods 38	38 beta market street	United States
S2-39	kappa foods 39	39 gamma market street	India
S2-40	Unlinked repair 40	1040 other lane	United States
S2-41	beta foods 41	41 epsilon market street	India
S2-42	gamma foods 42	42 zeta market street	United States
S2-43	delta foods 43	43 eta market street	India
S2-44	epsilon foods 44	44 theta market street	United States
S2-45	Unlinked repair 45	1045 other lane	India
S2-46	eta foods 46	46 kappa market street	United States
S2-47	theta foods 47	47 alpha market street	India
S2-48	iota foods 48	48 beta market street	United States
S2-49	kappa foods 49	49 gamma market street	India
S2-50	Unlinked repair 50	1050 other lane	United States
S2-51	beta foods 51	51 epsilon market street	India
S2-52	gamma foods 52	52 zeta market street	United States
S2-53	delta foods 53	53 eta market street	India
S2-54	epsilon foods 54	54 theta market street	United States
S2-55	Unlinked repair 55	1055 other lane	India
S2-56	eta foods 56	56 kappa market street	United States
S2-57	theta foods 57	57 alpha market street	India
S2-58	iota foods 58	58 beta market street	United States
S2-59	kappa foods 59	59 gamma market street	India
S2-60	Unlinked repair 60	1060 other lane	United States
